date,gt,lq
2009-08-16 04:45:43,ja2s1xwkq/ja2s1xwkq_flc.fits,ja2s1xwkq/ja2s1xwkq_flt.fits
2009-11-20 20:38:28,ja2s1rfkq/ja2s1rfkq_flc.fits,ja2s1rfkq/ja2s1rfkq_flt.fits
2009-08-04 18:21:50,jb7k09luq/jb7k09luq_flc.fits,jb7k09luq/jb7k09luq_flt.fits
2009-11-08 10:36:22,jb6e01suq/jb6e01suq_flc.fits,jb6e01suq/jb6e01suq_flt.fits
2009-10-05 17:22:20,jb1605jjq/jb1605jjq_flc.fits,jb1605jjq/jb1605jjq_flt.fits
2009-08-08 19:33:44,jb7k05fdq/jb7k05fdq_flc.fits,jb7k05fdq/jb7k05fdq_flt.fits
2009-09-27 01:58:47,ja2s48rbq/ja2s48rbq_flc.fits,ja2s48rbq/ja2s48rbq_flt.fits
2009-09-27 01:36:10,ja2s48r1q/ja2s48r1q_flc.fits,ja2s48r1q/ja2s48r1q_flt.fits
2009-09-12 04:30:09,jb6o30e9q/jb6o30e9q_flc.fits,jb6o30e9q/jb6o30e9q_flt.fits
2009-11-20 20:49:06,ja2s1rfnq/ja2s1rfnq_flc.fits,ja2s1rfnq/ja2s1rfnq_flt.fits
2009-09-18 12:00:36,ja2s16g8q/ja2s16g8q_flc.fits,ja2s16g8q/ja2s16g8q_flt.fits
2009-09-18 18:29:02,ja2s17hjq/ja2s17hjq_flc.fits,ja2s17hjq/ja2s17hjq_flt.fits
2009-12-01 16:57:41,ja2s0qisq/ja2s0qisq_flc.fits,ja2s0qisq/ja2s0qisq_flt.fits
2009-12-26 07:49:40,jb3g04dhq/jb3g04dhq_flc.fits,jb3g04dhq/jb3g04dhq_flt.fits
2009-09-28 06:07:41,jb2p29cvq/jb2p29cvq_flc.fits,jb2p29cvq/jb2p29cvq_flt.fits
2009-10-16 01:17:48,jb1606zqq/jb1606zqq_flc.fits,jb1606zqq/jb1606zqq_flt.fits
2009-09-25 09:42:43,ja2s55ffq/ja2s55ffq_flc.fits,ja2s55ffq/ja2s55ffq_flt.fits
2009-08-04 16:13:05,jb1604lbq/jb1604lbq_flc.fits,jb1604lbq/jb1604lbq_flt.fits
2009-11-20 21:01:05,ja2s1rfrq/ja2s1rfrq_flc.fits,ja2s1rfrq/ja2s1rfrq_flt.fits
2009-10-16 06:01:54,jb1606brq/jb1606brq_flc.fits,jb1606brq/jb1606brq_flt.fits
2009-09-27 09:26:41,ja2s31syq/ja2s31syq_flc.fits,ja2s31syq/ja2s31syq_flt.fits
2009-10-06 16:32:54,jb2f01qoq/jb2f01qoq_flc.fits,jb2f01qoq/jb2f01qoq_flt.fits
2009-11-17 09:25:41,jb6w81kuq/jb6w81kuq_flc.fits,jb6w81kuq/jb6w81kuq_flt.fits
2009-11-20 22:04:27,ja2s1rfvq/ja2s1rfvq_flc.fits,ja2s1rfvq/ja2s1rfvq_flt.fits
2009-09-23 20:02:18,jb6o19wnq/jb6o19wnq_flc.fits,jb6o19wnq/jb6o19wnq_flt.fits
2009-12-14 14:34:08,ja2s1wdxq/ja2s1wdxq_flc.fits,ja2s1wdxq/ja2s1wdxq_flt.fits
2009-08-08 18:12:50,jb7k04eaq/jb7k04eaq_flc.fits,jb7k04eaq/jb7k04eaq_flt.fits
2009-08-16 04:21:44,ja2s1xwcq/ja2s1xwcq_flc.fits,ja2s1xwcq/ja2s1xwcq_flt.fits
2009-10-20 04:48:16,jb6wd1rvq/jb6wd1rvq_flc.fits,jb6wd1rvq/jb6wd1rvq_flt.fits
2009-10-22 06:19:12,jb6wd4kzq/jb6wd4kzq_flc.fits,jb6wd4kzq/jb6wd4kzq_flt.fits
2009-11-17 08:20:30,jb6w81koq/jb6w81koq_flc.fits,jb6w81koq/jb6w81koq_flt.fits
2009-08-04 16:01:20,jb1604l9q/jb1604l9q_flc.fits,jb1604l9q/jb1604l9q_flt.fits
2009-10-22 05:48:01,jb6wd4krq/jb6wd4krq_flc.fits,jb6wd4krq/jb6wd4krq_flt.fits
2009-08-06 13:27:11,jb7k06iqq/jb7k06iqq_flc.fits,jb7k06iqq/jb7k06iqq_flt.fits
2009-11-29 19:32:45,jb5d14lfq/jb5d14lfq_flc.fits,jb5d14lfq/jb5d14lfq_flt.fits
2009-09-10 04:17:04,jb6o28t4q/jb6o28t4q_flc.fits,jb6o28t4q/jb6o28t4q_flt.fits
2009-09-27 05:00:07,ja2s66rwq/ja2s66rwq_flc.fits,ja2s66rwq/ja2s66rwq_flt.fits
2009-07-24 02:07:08,jb6e41h4q/jb6e41h4q_flc.fits,jb6e41h4q/jb6e41h4q_flt.fits
2009-08-16 17:20:13,ja2s69yyq/ja2s69yyq_flc.fits,ja2s69yyq/ja2s69yyq_flt.fits
2009-10-13 13:25:40,ja2s1akbq/ja2s1akbq_flc.fits,ja2s1akbq/ja2s1akbq_flt.fits
2009-11-26 16:31:10,jb5d11t5q/jb5d11t5q_flc.fits,jb5d11t5q/jb5d11t5q_flt.fits
2009-12-12 09:53:20,jb7i70ajq/jb7i70ajq_flc.fits,jb7i70ajq/jb7i70ajq_flt.fits
2009-09-18 11:48:36,ja2s16g4q/ja2s16g4q_flc.fits,ja2s16g4q/ja2s16g4q_flt.fits
2009-10-25 00:30:39,jb6wd2bxq/jb6wd2bxq_flc.fits,jb6wd2bxq/jb6wd2bxq_flt.fits
2009-10-05 17:49:10,jb1605k4q/jb1605k4q_flc.fits,jb1605k4q/jb1605k4q_flt.fits
2009-09-08 00:07:09,jb6o26hfq/jb6o26hfq_flc.fits,jb6o26hfq/jb6o26hfq_flt.fits
2009-12-17 21:09:03,jb1f97wfq/jb1f97wfq_flc.fits,jb1f97wfq/jb1f97wfq_flt.fits
2009-12-01 14:38:48,jb5d09idq/jb5d09idq_flc.fits,jb5d09idq/jb5d09idq_flt.fits
2009-08-20 07:19:22,ja2s25dxq/ja2s25dxq_flc.fits,ja2s25dxq/ja2s25dxq_flt.fits
2009-09-27 10:01:18,ja2s31t9q/ja2s31t9q_flc.fits,ja2s31t9q/ja2s31t9q_flt.fits
2010-06-12 08:40:01,jb6v06ciq/jb6v06ciq_flc.fits,jb6v06ciq/jb6v06ciq_flt.fits
2010-12-29 07:27:07,jbew5lo2q/jbew5lo2q_flc.fits,jbew5lo2q/jbew5lo2q_flt.fits
2010-12-24 21:55:17,jbf308diq/jbf308diq_flc.fits,jbf308diq/jbf308diq_flt.fits
2010-07-18 21:08:27,ja2s51yhq/ja2s51yhq_flc.fits,ja2s51yhq/ja2s51yhq_flt.fits
2010-12-12 23:13:25,jbkz3xryq/jbkz3xryq_flc.fits,jbkz3xryq/jbkz3xryq_flt.fits
2010-09-19 07:22:32,jb6v11l6q/jb6v11l6q_flc.fits,jb6v11l6q/jb6v11l6q_flt.fits
2010-11-01 06:47:28,jbfupacxq/jbfupacxq_flc.fits,jbfupacxq/jbfupacxq_flt.fits
2010-11-16 13:48:44,jbew97mrq/jbew97mrq_flc.fits,jbew97mrq/jbew97mrq_flt.fits
2010-08-12 23:25:04,jbf012bfq/jbf012bfq_flc.fits,jbf012bfq/jbf012bfq_flt.fits
2010-07-30 14:49:17,jb3n03e9q/jb3n03e9q_flc.fits,jb3n03e9q/jb3n03e9q_flt.fits
2010-08-31 13:02:46,jb3ha5kxq/jb3ha5kxq_flc.fits,jb3ha5kxq/jb3ha5kxq_flt.fits
2010-11-10 11:02:32,jbkh01hpq/jbkh01hpq_flc.fits,jbkh01hpq/jbkh01hpq_flt.fits
2010-12-27 12:29:05,jbew5tdpq/jbew5tdpq_flc.fits,jbew5tdpq/jbew5tdpq_flt.fits
2010-06-30 14:59:49,jb5l14x9q/jb5l14x9q_flc.fits,jb5l14x9q/jb5l14x9q_flt.fits
2010-09-16 00:49:26,jbjh0pt1q/jbjh0pt1q_flc.fits,jbjh0pt1q/jbjh0pt1q_flt.fits
2010-09-05 16:46:46,jb6f09ldq/jb6f09ldq_flc.fits,jb6f09ldq/jb6f09ldq_flt.fits
2010-10-09 12:11:43,jbeugrcgq/jbeugrcgq_flc.fits,jbeugrcgq/jbeugrcgq_flt.fits
2010-08-05 22:41:51,jb5x15voq/jb5x15voq_flc.fits,jb5x15voq/jb5x15voq_flt.fits
2010-09-07 04:25:49,jb2u65gzq/jb2u65gzq_flc.fits,jb2u65gzq/jb2u65gzq_flt.fits
2010-07-24 19:31:22,jbf316hkq/jbf316hkq_flc.fits,jbf316hkq/jbf316hkq_flt.fits
2010-10-15 01:29:43,jbiv38ywq/jbiv38ywq_flc.fits,jbiv38ywq/jbiv38ywq_flt.fits
2010-01-23 01:32:16,jb6v20dcq/jb6v20dcq_flc.fits,jb6v20dcq/jb6v20dcq_flt.fits
2010-02-10 03:05:07,jb3g01oiq/jb3g01oiq_flc.fits,jb3g01oiq/jb3g01oiq_flt.fits
2010-10-27 11:45:33,jbfup3rnq/jbfup3rnq_flc.fits,jbfup3rnq/jbfup3rnq_flt.fits
2010-07-28 16:21:46,jbex17stq/jbex17stq_flc.fits,jbex17stq/jbex17stq_flt.fits
2010-05-07 19:05:18,jb6r08byq/jb6r08byq_flc.fits,jb6r08byq/jb6r08byq_flt.fits
2010-05-02 03:56:20,jb6e27mmq/jb6e27mmq_flc.fits,jb6e27mmq/jb6e27mmq_flt.fits
2010-09-19 07:49:34,jb6v11laq/jb6v11laq_flc.fits,jb6v11laq/jb6v11laq_flt.fits
2010-10-22 08:19:20,jbin02f1q/jbin02f1q_flc.fits,jbin02f1q/jbin02f1q_flt.fits
2010-04-06 22:33:58,ja2s29jpq/ja2s29jpq_flc.fits,ja2s29jpq/ja2s29jpq_flt.fits
2010-02-21 08:43:52,jb3c10j6q/jb3c10j6q_flc.fits,jb3c10j6q/jb3c10j6q_flt.fits
2010-05-03 17:13:58,jb6110erq/jb6110erq_flc.fits,jb6110erq/jb6110erq_flt.fits
2010-02-27 20:46:42,jb3c02gfq/jb3c02gfq_flc.fits,jb3c02gfq/jb3c02gfq_flt.fits
2010-08-07 14:35:22,jbf005eiq/jbf005eiq_flc.fits,jbf005eiq/jbf005eiq_flt.fits
2010-07-21 22:44:03,jbf310olq/jbf310olq_flc.fits,jbf310olq/jbf310olq_flt.fits
2010-09-27 02:30:26,jbiv53cdq/jbiv53cdq_flc.fits,jbiv53cdq/jbiv53cdq_flt.fits
2010-01-17 01:47:09,jb6v14d2q/jb6v14d2q_flc.fits,jb6v14d2q/jb6v14d2q_flt.fits
2010-12-25 21:53:59,jbf314hlq/jbf314hlq_flc.fits,jbf314hlq/jbf314hlq_flt.fits
2010-12-20 11:01:57,jb5m22dfq/jb5m22dfq_flc.fits,jb5m22dfq/jb5m22dfq_flt.fits
2010-04-26 04:45:02,jb6102arq/jb6102arq_flc.fits,jb6102arq/jb6102arq_flt.fits
2010-08-28 23:41:48,jb2p57zxq/jb2p57zxq_flc.fits,jb2p57zxq/jb2p57zxq_flt.fits
2010-07-16 11:45:25,jbf117hmq/jbf117hmq_flc.fits,jbf117hmq/jbf117hmq_flt.fits
2010-09-19 11:01:07,jb6v11lvq/jb6v11lvq_flc.fits,jb6v11lvq/jb6v11lvq_flt.fits
2010-11-04 02:18:27,jbhm56ftq/jbhm56ftq_flc.fits,jbhm56ftq/jbhm56ftq_flt.fits
2010-10-03 12:14:19,jbiv05yaq/jbiv05yaq_flc.fits,jbiv05yaq/jbiv05yaq_flt.fits
2010-11-05 22:53:19,jbiv15slq/jbiv15slq_flc.fits,jbiv15slq/jbiv15slq_flt.fits
2010-11-03 05:33:16,jbhm45y0q/jbhm45y0q_flc.fits,jbhm45y0q/jbhm45y0q_flt.fits
2010-07-12 19:51:55,jbf112gbq/jbf112gbq_flc.fits,jbf112gbq/jbf112gbq_flt.fits
2010-04-28 00:13:51,jb6105oiq/jb6105oiq_flc.fits,jb6105oiq/jb6105oiq_flt.fits
2010-10-12 16:43:15,jbeugoklq/jbeugoklq_flc.fits,jbeugoklq/jbeugoklq_flt.fits
2011-11-04 22:45:29,jbevgdssq/jbevgdssq_flc.fits,jbevgdssq/jbevgdssq_flt.fits
2011-01-13 13:38:18,jbfuw6bwq/jbfuw6bwq_flc.fits,jbfuw6bwq/jbfuw6bwq_flt.fits
2011-12-10 11:34:07,jboa32pwq/jboa32pwq_flc.fits,jboa32pwq/jboa32pwq_flt.fits
2011-03-27 09:07:36,jbet3zh7q/jbet3zh7q_flc.fits,jbet3zh7q/jbet3zh7q_flt.fits
2011-08-14 14:54:22,jbf718l5q/jbf718l5q_flc.fits,jbf718l5q/jbf718l5q_flt.fits
2011-01-18 17:07:07,jbeuj4loq/jbeuj4loq_flc.fits,jbeuj4loq/jbeuj4loq_flt.fits
2011-12-14 10:39:51,jbfb14roq/jbfb14roq_flc.fits,jbfb14roq/jbfb14roq_flt.fits
2011-06-08 03:24:15,jbeui3qfq/jbeui3qfq_flc.fits,jbeui3qfq/jbeui3qfq_flt.fits
2011-10-12 21:59:21,jbhy50syq/jbhy50syq_flc.fits,jbhy50syq/jbhy50syq_flt.fits
2011-10-16 07:48:14,jbhy23o8q/jbhy23o8q_flc.fits,jbhy23o8q/jbhy23o8q_flt.fits
2011-11-13 05:27:42,jbpk12iqq/jbpk12iqq_flc.fits,jbpk12iqq/jbpk12iqq_flt.fits
2011-01-13 12:13:24,jbfuw6bnq/jbfuw6bnq_flc.fits,jbfuw6bnq/jbfuw6bnq_flt.fits
2011-02-27 21:31:35,jbeuinhrq/jbeuinhrq_flc.fits,jbeuinhrq/jbeuinhrq_flt.fits
2011-01-12 13:36:25,jbfuw4v0q/jbfuw4v0q_flc.fits,jbfuw4v0q/jbfuw4v0q_flt.fits
2011-12-12 16:27:19,jboa21f6q/jboa21f6q_flc.fits,jboa21f6q/jboa21f6q_flt.fits
2011-01-01 12:07:27,jbew2ljnq/jbew2ljnq_flc.fits,jbew2ljnq/jbew2ljnq_flt.fits
2011-12-26 22:03:02,jbrv11gkq/jbrv11gkq_flc.fits,jbrv11gkq/jbrv11gkq_flt.fits
2011-11-30 21:12:47,jbhm03riq/jbhm03riq_flc.fits,jbhm03riq/jbhm03riq_flt.fits
2011-08-15 05:29:20,jbfe05coq/jbfe05coq_flc.fits,jbfe05coq/jbfe05coq_flt.fits
2011-11-13 04:09:13,jbpk12ikq/jbpk12ikq_flc.fits,jbpk12ikq/jbpk12ikq_flt.fits
2011-06-20 07:46:36,jbhj47clq/jbhj47clq_flc.fits,jbhj47clq/jbhj47clq_flt.fits
2011-05-02 15:07:56,jbit22e3q/jbit22e3q_flc.fits,jbit22e3q/jbit22e3q_flt.fits
2011-05-27 15:47:57,jbiv25azq/jbiv25azq_flc.fits,jbiv25azq/jbiv25azq_flt.fits
2011-05-27 15:59:57,jbiv25b2q/jbiv25b2q_flc.fits,jbiv25b2q/jbiv25b2q_flt.fits
2011-01-11 06:59:38,jbeuixmfq/jbeuixmfq_flc.fits,jbeuixmfq/jbeuixmfq_flt.fits
2011-01-12 05:28:31,jbfuw3szq/jbfuw3szq_flc.fits,jbfuw3szq/jbfuw3szq_flt.fits
2011-10-09 14:37:19,jbhy11ojq/jbhy11ojq_flc.fits,jbhy11ojq/jbhy11ojq_flt.fits
2011-11-04 07:49:08,jbpk01ohq/jbpk01ohq_flc.fits,jbpk01ohq/jbpk01ohq_flt.fits
2011-04-04 18:00:14,jbeo52fhq/jbeo52fhq_flc.fits,jbeo52fhq/jbeo52fhq_flt.fits
2011-02-12 12:37:33,jbit11epq/jbit11epq_flc.fits,jbit11epq/jbit11epq_flt.fits
2011-11-22 14:58:07,jbhm11ifq/jbhm11ifq_flc.fits,jbhm11ifq/jbhm11ifq_flt.fits
2011-07-23 09:02:11,jbiv39h0q/jbiv39h0q_flc.fits,jbiv39h0q/jbiv39h0q_flt.fits
2011-12-21 05:47:24,jbfg07pqq/jbfg07pqq_flc.fits,jbfg07pqq/jbfg07pqq_flt.fits
2011-08-18 14:15:22,jbfuvdw7q/jbfuvdw7q_flc.fits,jbfuvdw7q/jbfuvdw7q_flt.fits
2011-05-24 19:12:29,jbkz4cm9q/jbkz4cm9q_flc.fits,jbkz4cm9q/jbkz4cm9q_flt.fits
2011-08-11 19:42:09,jbf705vvq/jbf705vvq_flc.fits,jbf705vvq/jbf705vvq_flt.fits
2011-09-14 19:52:28,jbev8puvq/jbev8puvq_flc.fits,jbev8puvq/jbev8puvq_flt.fits
2011-03-02 05:27:46,jbiv11rbq/jbiv11rbq_flc.fits,jbiv11rbq/jbiv11rbq_flt.fits
2011-07-12 19:02:17,jbiv32kcq/jbiv32kcq_flc.fits,jbiv32kcq/jbiv32kcq_flt.fits
2011-05-28 18:02:33,jbet3rh3q/jbet3rh3q_flc.fits,jbet3rh3q/jbet3rh3q_flt.fits
2011-06-03 22:47:50,jbeui8dfq/jbeui8dfq_flc.fits,jbeui8dfq/jbeui8dfq_flt.fits
2011-03-06 03:55:22,jbeuhexrq/jbeuhexrq_flc.fits,jbeuhexrq/jbeuhexrq_flt.fits
2011-07-28 17:02:07,jbevevwrq/jbevevwrq_flc.fits,jbevevwrq/jbevevwrq_flt.fits
2011-07-02 02:12:30,jbf806kiq/jbf806kiq_flc.fits,jbf806kiq/jbf806kiq_flt.fits
2011-07-03 21:19:22,jbf811usq/jbf811usq_flc.fits,jbf811usq/jbf811usq_flt.fits
2011-04-07 11:05:51,jbeof5wfq/jbeof5wfq_flc.fits,jbeof5wfq/jbeof5wfq_flt.fits
2011-01-02 22:32:04,jbiv60s8q/jbiv60s8q_flc.fits,jbiv60s8q/jbiv60s8q_flt.fits
2011-06-22 21:52:17,jbhj26f7q/jbhj26f7q_flc.fits,jbhj26f7q/jbhj26f7q_flt.fits
2011-02-01 05:09:44,jbjh48kfq/jbjh48kfq_flc.fits,jbjh48kfq/jbjh48kfq_flt.fits
2011-06-20 11:32:01,jbhj63dnq/jbhj63dnq_flc.fits,jbhj63dnq/jbhj63dnq_flt.fits
2012-01-22 15:17:10,jbhj12iuq/jbhj12iuq_flc.fits,jbhj12iuq/jbhj12iuq_flt.fits
2012-12-10 13:43:58,jbfp02gaq/jbfp02gaq_flc.fits,jbfp02gaq/jbfp02gaq_flt.fits
2012-12-27 05:51:45,jbfr09qpq/jbfr09qpq_flc.fits,jbfr09qpq/jbfr09qpq_flt.fits
2012-04-27 14:20:04,jbqg01v1q/jbqg01v1q_flc.fits,jbqg01v1q/jbqg01v1q_flt.fits
2012-01-19 18:51:54,jbvs06vpq/jbvs06vpq_flc.fits,jbvs06vpq/jbvs06vpq_flt.fits
2012-07-26 09:36:00,jbfo10z6q/jbfo10z6q_flc.fits,jbfo10z6q/jbfo10z6q_flt.fits
2012-07-12 15:34:36,jbfg10wbq/jbfg10wbq_flc.fits,jbfg10wbq/jbfg10wbq_flt.fits
2012-05-03 10:12:26,jbpb74wlq/jbpb74wlq_flc.fits,jbpb74wlq/jbpb74wlq_flt.fits
2012-07-21 12:47:54,jbfi06kts/jbfi06kts_flc.fits,jbfi06kts/jbfi06kts_flt.fits
2012-09-13 07:01:18,jboi4jvtq/jboi4jvtq_flc.fits,jboi4jvtq/jboi4jvtq_flt.fits
2012-04-17 11:41:56,jbsr03m8q/jbsr03m8q_flc.fits,jbsr03m8q/jbsr03m8q_flt.fits
2012-07-08 06:06:39,jbohcbt9q/jbohcbt9q_flc.fits,jbohcbt9q/jbohcbt9q_flt.fits
2012-09-10 03:54:52,jboi4sb0q/jboi4sb0q_flc.fits,jboi4sb0q/jboi4sb0q_flt.fits
2012-08-27 18:36:54,jbp326etq/jbp326etq_flc.fits,jbp326etq/jbp326etq_flt.fits
2012-08-06 13:07:55,jbwjcidaq/jbwjcidaq_flc.fits,jbwjcidaq/jbwjcidaq_flt.fits
2012-07-13 14:54:33,jbt308d6q/jbt308d6q_flc.fits,jbt308d6q/jbt308d6q_flt.fits
2012-08-18 17:58:05,jbp316c2q/jbp316c2q_flc.fits,jbp316c2q/jbp316c2q_flt.fits
2012-01-14 04:45:10,jbhm09iqq/jbhm09iqq_flc.fits,jbhm09iqq/jbhm09iqq_flt.fits
2012-03-31 10:42:11,jboe1aghq/jboe1aghq_flc.fits,jboe1aghq/jboe1aghq_flt.fits
2012-07-03 18:56:11,jbfp14o7q/jbfp14o7q_flc.fits,jbfp14o7q/jbfp14o7q_flt.fits
2012-05-12 20:52:59,jbpb21jnq/jbpb21jnq_flc.fits,jbpb21jnq/jbpb21jnq_flt.fits
2012-05-11 06:34:26,jbpb19a4q/jbpb19a4q_flc.fits,jbpb19a4q/jbpb19a4q_flt.fits
2012-01-12 13:11:48,jbfj08yuq/jbfj08yuq_flc.fits,jbfj08yuq/jbfj08yuq_flt.fits
2012-10-25 18:12:20,jby212ucq/jby212ucq_flc.fits,jby212ucq/jby212ucq_flt.fits
2012-08-23 05:44:02,jbt130qtq/jbt130qtq_flc.fits,jbt130qtq/jbt130qtq_flt.fits
2012-01-25 01:32:29,jboa83ruq/jboa83ruq_flc.fits,jboa83ruq/jboa83ruq_flt.fits
2012-08-28 06:07:19,jbp328hdq/jbp328hdq_flc.fits,jbp328hdq/jbp328hdq_flt.fits
2012-08-10 06:35:30,jbfq17afq/jbfq17afq_flc.fits,jbfq17afq/jbfq17afq_flt.fits
2012-09-08 22:46:15,jbp355h0q/jbp355h0q_flc.fits,jbp355h0q/jbp355h0q_flt.fits
2012-01-14 07:56:44,jbhm16joq/jbhm16joq_flc.fits,jbhm16joq/jbhm16joq_flt.fits
2012-07-01 06:37:38,jbfn12nxq/jbfn12nxq_flc.fits,jbfn12nxq/jbfn12nxq_flt.fits
2012-08-04 21:39:37,jbp301ftq/jbp301ftq_flc.fits,jbp301ftq/jbp301ftq_flt.fits
2012-07-21 19:22:23,jbfi05mqs/jbfi05mqs_flc.fits,jbfi05mqs/jbfi05mqs_flt.fits
2012-04-10 20:08:18,jboe6nliq/jboe6nliq_flc.fits,jboe6nliq/jboe6nliq_flt.fits
2012-09-29 08:03:18,jbohdalxq/jbohdalxq_flc.fits,jbohdalxq/jbohdalxq_flt.fits
2012-12-27 15:41:21,jbohbat0q/jbohbat0q_flc.fits,jbohbat0q/jbohbat0q_flt.fits
2012-01-23 16:00:52,jboa91evq/jboa91evq_flc.fits,jboa91evq/jboa91evq_flt.fits
2012-09-15 06:42:30,jboi4qitq/jboi4qitq_flc.fits,jboi4qitq/jboi4qitq_flt.fits
2012-03-05 23:55:33,jbpk11fpq/jbpk11fpq_flc.fits,jbpk11fpq/jbpk11fpq_flt.fits
2012-01-14 12:22:41,jbhm20ktq/jbhm20ktq_flc.fits,jbhm20ktq/jbhm20ktq_flt.fits
2012-05-04 10:08:41,jbpb76d9q/jbpb76d9q_flc.fits,jbpb76d9q/jbpb76d9q_flt.fits
2012-03-15 21:48:50,jbts09xxq/jbts09xxq_flc.fits,jbts09xxq/jbts09xxq_flt.fits
2012-01-10 00:23:51,jbfh03g3q/jbfh03g3q_flc.fits,jbfh03g3q/jbfh03g3q_flt.fits
2012-08-03 23:27:28,jbfq10bkq/jbfq10bkq_flc.fits,jbfq10bkq/jbfq10bkq_flt.fits
2012-07-10 08:26:12,jbt306jwq/jbt306jwq_flc.fits,jbt306jwq/jbt306jwq_flt.fits
2012-03-20 10:55:18,jbwjd3poq/jbwjd3poq_flc.fits,jbwjd3poq/jbwjd3poq_flt.fits
2012-01-09 09:29:57,jbfh02d1q/jbfh02d1q_flc.fits,jbfh02d1q/jbfh02d1q_flt.fits
2012-08-30 02:42:27,jbok05p2q/jbok05p2q_flc.fits,jbok05p2q/jbok05p2q_flt.fits
2012-02-17 17:04:06,jbeveadhq/jbeveadhq_flc.fits,jbeveadhq/jbeveadhq_flt.fits
2012-08-28 16:57:10,jbp329irq/jbp329irq_flc.fits,jbp329irq/jbp329irq_flt.fits
2013-10-30 07:39:05,jc3f61oyq/jc3f61oyq_flc.fits,jc3f61oyq/jc3f61oyq_flt.fits
2013-10-15 23:05:31,jc3f60l2q/jc3f60l2q_flc.fits,jc3f60l2q/jc3f60l2q_flt.fits
2013-09-09 12:00:12,jc390lciq/jc390lciq_flc.fits,jc390lciq/jc390lciq_flt.fits
2013-09-09 14:59:41,jc3f50d8q/jc3f50d8q_flc.fits,jc3f50d8q/jc3f50d8q_flt.fits
2013-04-21 09:43:14,jbtm8cdzq/jbtm8cdzq_flc.fits,jbtm8cdzq/jbtm8cdzq_flt.fits
2013-08-12 20:38:21,jcau0tfzq/jcau0tfzq_flc.fits,jcau0tfzq/jcau0tfzq_flt.fits
2013-10-30 12:36:20,jc3f64qeq/jc3f64qeq_flc.fits,jc3f64qeq/jc3f64qeq_flt.fits
2013-04-20 09:58:27,jbtm8ay2q/jbtm8ay2q_flc.fits,jbtm8ay2q/jbtm8ay2q_flt.fits
2013-08-07 05:24:33,jbtmaenfq/jbtmaenfq_flc.fits,jbtmaenfq/jbtmaenfq_flt.fits
2013-04-03 14:24:27,jbeoeop6q/jbeoeop6q_flc.fits,jbeoeop6q/jbeoeop6q_flt.fits
2013-04-25 08:10:48,jbtm8jwfq/jbtm8jwfq_flc.fits,jbtm8jwfq/jbtm8jwfq_flt.fits
2013-11-28 05:54:21,jc8n35ujq/jc8n35ujq_flc.fits,jc8n35ujq/jc8n35ujq_flt.fits
2013-01-05 20:28:23,jboi6nvnq/jboi6nvnq_flc.fits,jboi6nvnq/jboi6nvnq_flt.fits
2013-10-10 08:00:22,jcat20tvq/jcat20tvq_flc.fits,jcat20tvq/jcat20tvq_flt.fits
2013-04-24 09:27:01,jbtm8hptq/jbtm8hptq_flc.fits,jbtm8hptq/jbtm8hptq_flt.fits
2013-10-30 14:48:29,jc8n05r0q/jc8n05r0q_flc.fits,jc8n05r0q/jc8n05r0q_flt.fits
2013-04-24 14:49:49,jbtm8ns1q/jbtm8ns1q_flc.fits,jbtm8ns1q/jbtm8ns1q_flt.fits
2013-06-13 07:27:33,jbtm9atwq/jbtm9atwq_flc.fits,jbtm9atwq/jbtm9atwq_flt.fits
2013-04-03 23:53:54,jbeo66rxq/jbeo66rxq_flc.fits,jbeo66rxq/jbeo66rxq_flt.fits
2013-02-23 23:23:59,jbz083w8q/jbz083w8q_flc.fits,jbz083w8q/jbz083w8q_flt.fits
2013-04-23 16:29:54,jbtm8kl3q/jbtm8kl3q_flc.fits,jbtm8kl3q/jbtm8kl3q_flt.fits
2013-11-20 00:11:21,jc8n21s8q/jc8n21s8q_flc.fits,jc8n21s8q/jc8n21s8q_flt.fits
2013-04-07 01:22:47,jbeof7mvq/jbeof7mvq_flc.fits,jbeof7mvq/jbeof7mvq_flt.fits
2013-01-08 13:30:07,jbfn15llq/jbfn15llq_flc.fits,jbfn15llq/jbfn15llq_flt.fits
2013-01-05 13:42:36,jboi6kswq/jboi6kswq_flc.fits,jboi6kswq/jboi6kswq_flt.fits
2013-04-21 18:30:02,jbtm8dh6q/jbtm8dh6q_flc.fits,jbtm8dh6q/jbtm8dh6q_flt.fits
2013-06-15 12:27:30,jbtm9ii1q/jbtm9ii1q_flc.fits,jbtm9ii1q/jbtm9ii1q_flt.fits
2013-05-08 04:19:12,jc3f21m5q/jc3f21m5q_flc.fits,jc3f21m5q/jc3f21m5q_flt.fits
2013-10-06 21:21:59,jcc229jiq/jcc229jiq_flc.fits,jcc229jiq/jcc229jiq_flt.fits
2013-08-06 12:03:30,jbtmacjhq/jbtmacjhq_flc.fits,jbtmacjhq/jbtmacjhq_flt.fits
2013-06-16 09:02:11,jbtm9poaq/jbtm9poaq_flc.fits,jbtm9poaq/jbtm9poaq_flt.fits
2013-04-02 18:14:07,jc0540kaq/jc0540kaq_flc.fits,jc0540kaq/jc0540kaq_flt.fits
2013-06-11 12:58:09,jc0564jtq/jc0564jtq_flc.fits,jc0564jtq/jc0564jtq_flt.fits
2013-10-16 02:38:41,jcdm48n7q/jcdm48n7q_flc.fits,jcdm48n7q/jcdm48n7q_flt.fits
2013-09-07 05:49:27,jcdm53euq/jcdm53euq_flc.fits,jcdm53euq/jcdm53euq_flt.fits
2013-03-27 13:15:42,jbyj09mkq/jbyj09mkq_flc.fits,jbyj09mkq/jbyj09mkq_flt.fits
2013-09-05 05:53:27,jcau94v8q/jcau94v8q_flc.fits,jcau94v8q/jcau94v8q_flt.fits
2013-08-15 01:20:46,jc390jruq/jc390jruq_flc.fits,jc390jruq/jc390jruq_flt.fits
2013-08-20 13:26:30,jc3701l5q/jc3701l5q_flc.fits,jc3701l5q/jc3701l5q_flt.fits
2013-09-12 21:55:01,jc3967rwq/jc3967rwq_flc.fits,jc3967rwq/jc3967rwq_flt.fits
2013-01-05 21:59:52,jbz037w6q/jbz037w6q_flc.fits,jbz037w6q/jbz037w6q_flt.fits
2013-07-12 12:20:29,jbfr12e7q/jbfr12e7q_flc.fits,jbfr12e7q/jbfr12e7q_flt.fits
2013-06-09 17:32:54,jc3f31opq/jc3f31opq_flc.fits,jc3f31opq/jc3f31opq_flt.fits
2013-03-13 07:40:24,jbxg01ofq/jbxg01ofq_flc.fits,jbxg01ofq/jbxg01ofq_flt.fits
2013-04-21 19:48:17,jbhj69hfq/jbhj69hfq_flc.fits,jbhj69hfq/jbhj69hfq_flt.fits
2013-02-23 15:30:48,jbtm7btcq/jbtm7btcq_flc.fits,jbtm7btcq/jbtm7btcq_flt.fits
2013-03-27 11:18:35,jbyj09mdq/jbyj09mdq_flc.fits,jbyj09mdq/jbyj09mdq_flt.fits
2013-11-08 18:55:22,jcau12etq/jcau12etq_flc.fits,jcau12etq/jcau12etq_flt.fits
2013-04-21 04:26:04,jbzb06cnq/jbzb06cnq_flc.fits,jbzb06cnq/jbzb06cnq_flt.fits
2013-09-25 11:01:39,jbz022vqq/jbz022vqq_flc.fits,jbz022vqq/jbz022vqq_flt.fits
2014-11-25 06:49:45,jcnb15gdq/jcnb15gdq_flc.fits,jcnb15gdq/jcnb15gdq_flt.fits
2014-05-22 15:42:13,jca518qrq/jca518qrq_flc.fits,jca518qrq/jca518qrq_flt.fits
2014-12-29 13:23:47,jcdub5d1q/jcdub5d1q_flc.fits,jcdub5d1q/jcdub5d1q_flt.fits
2014-11-21 06:46:00,jcdua1c6q/jcdua1c6q_flc.fits,jcdua1c6q/jcdua1c6q_flt.fits
2014-01-29 15:05:43,jc8o35qnq/jc8o35qnq_flc.fits,jc8o35qnq/jc8o35qnq_flt.fits
2014-09-15 11:03:07,jcat23cxq/jcat23cxq_flc.fits,jcat23cxq/jcat23cxq_flt.fits
2014-05-28 21:55:42,jca533piq/jca533piq_flc.fits,jca533piq/jca533piq_flt.fits
2014-07-04 11:33:07,jc8x35xiq/jc8x35xiq_flc.fits,jc8x35xiq/jc8x35xiq_flt.fits
2014-04-29 07:57:11,jcat04uyq/jcat04uyq_flc.fits,jcat04uyq/jcat04uyq_flt.fits
2014-05-26 20:23:13,jc8n63elq/jc8n63elq_flc.fits,jc8n63elq/jc8n63elq_flt.fits
2014-09-19 18:59:22,jc390ngbq/jc390ngbq_flc.fits,jc390ngbq/jc390ngbq_flt.fits
2014-08-22 09:41:45,jc8x46xsq/jc8x46xsq_flc.fits,jc8x46xsq/jc8x46xsq_flt.fits
2014-09-15 18:34:38,jca9s1f2q/jca9s1f2q_flc.fits,jca9s1f2q/jca9s1f2q_flt.fits
2014-09-20 00:34:33,jca538gzq/jca538gzq_flc.fits,jca538gzq/jca538gzq_flt.fits
2014-01-13 16:01:15,jc8o15dgq/jc8o15dgq_flc.fits,jc8o15dgq/jc8o15dgq_flt.fits
2014-05-23 23:54:37,jc8n40ycq/jc8n40ycq_flc.fits,jc8n40ycq/jc8n40ycq_flt.fits
2014-10-02 20:09:14,jc8mb4x8q/jc8mb4x8q_flc.fits,jc8mb4x8q/jc8mb4x8q_flt.fits
2014-12-18 14:09:47,jcnw08vtq/jcnw08vtq_flc.fits,jcnw08vtq/jcnw08vtq_flt.fits
2014-10-04 06:39:10,jcn802goq/jcn802goq_flc.fits,jcn802goq/jcn802goq_flt.fits
2014-09-26 01:21:41,jc8m10syq/jc8m10syq_flc.fits,jc8m10syq/jc8m10syq_flt.fits
2014-09-13 15:22:58,jcnw15inq/jcnw15inq_flc.fits,jcnw15inq/jcnw15inq_flt.fits
2014-07-26 01:45:17,jcdm0ec9q/jcdm0ec9q_flc.fits,jcdm0ec9q/jcdm0ec9q_flt.fits
2014-02-23 17:57:25,jca521nhq/jca521nhq_flc.fits,jca521nhq/jca521nhq_flt.fits
2014-03-07 06:44:22,jcat03ecq/jcat03ecq_flc.fits,jcat03ecq/jcat03ecq_flt.fits
2014-10-12 18:58:48,jc8mb9g5q/jc8mb9g5q_flc.fits,jc8mb9g5q/jc8mb9g5q_flt.fits
2014-04-18 12:31:32,jca519bgq/jca519bgq_flc.fits,jca519bgq/jca519bgq_flt.fits
2014-04-05 20:35:00,jcdm07olq/jcdm07olq_flc.fits,jcdm07olq/jcdm07olq_flt.fits
2014-07-31 20:23:08,jc8o91w8q/jc8o91w8q_flc.fits,jc8o91w8q/jc8o91w8q_flt.fits
2014-09-09 12:25:24,jcnw09l0q/jcnw09l0q_flc.fits,jcnw09l0q/jcnw09l0q_flt.fits
2014-01-15 22:14:58,jc8o25m1q/jc8o25m1q_flc.fits,jc8o25m1q/jc8o25m1q_flt.fits
2014-02-08 00:19:07,jcdm58gsq/jcdm58gsq_flc.fits,jcdm58gsq/jcdm58gsq_flt.fits
2014-11-27 05:36:31,jcnb18qaq/jcnb18qaq_flc.fits,jcnb18qaq/jcnb18qaq_flt.fits
2014-07-18 17:36:01,jc3996yuq/jc3996yuq_flc.fits,jc3996yuq/jc3996yuq_flt.fits
2014-10-29 17:59:58,jca511qxq/jca511qxq_flc.fits,jca511qxq/jca511qxq_flt.fits
2014-08-11 11:10:48,jc8o96dcq/jc8o96dcq_flc.fits,jc8o96dcq/jc8o96dcq_flt.fits
2014-04-05 18:29:55,jcdm07o6q/jcdm07o6q_flc.fits,jcdm07o6q/jcdm07o6q_flt.fits
2014-03-02 03:38:01,jcbn06ioq/jcbn06ioq_flc.fits,jcbn06ioq/jcbn06ioq_flt.fits
2014-09-10 00:46:24,jc8x50owq/jc8x50owq_flc.fits,jc8x50owq/jc8x50owq_flt.fits
2014-05-07 17:45:02,jc8x22omq/jc8x22omq_flc.fits,jc8x22omq/jc8x22omq_flt.fits
2014-01-12 08:07:26,jc8o13pnq/jc8o13pnq_flc.fits,jc8o13pnq/jc8o13pnq_flt.fits
2014-08-08 13:06:48,jc8o93xzq/jc8o93xzq_flc.fits,jc8o93xzq/jc8o93xzq_flt.fits
2014-09-09 20:09:23,jcnw09n6q/jcnw09n6q_flc.fits,jcnw09n6q/jcnw09n6q_flt.fits
2014-09-20 20:33:35,jcnb30kpq/jcnb30kpq_flc.fits,jcnb30kpq/jcnb30kpq_flt.fits
2014-10-11 23:52:29,jc8mb8b6q/jc8mb8b6q_flc.fits,jc8mb8b6q/jc8mb8b6q_flt.fits
2014-09-16 03:17:25,jcat25ijq/jcat25ijq_flc.fits,jcat25ijq/jcat25ijq_flt.fits
2014-10-28 02:57:40,jcjo04idq/jcjo04idq_flc.fits,jcjo04idq/jcjo04idq_flt.fits
2014-11-22 01:26:58,jcdu05g7q/jcdu05g7q_flc.fits,jcdu05g7q/jcdu05g7q_flt.fits
2014-05-26 06:03:06,jc8n60brq/jc8n60brq_flc.fits,jc8n60brq/jc8n60brq_flt.fits
2014-01-05 15:35:28,jc8o01ipq/jc8o01ipq_flc.fits,jc8o01ipq/jc8o01ipq_flt.fits
2014-09-19 19:10:04,jc390ngcq/jc390ngcq_flc.fits,jc390ngcq/jc390ngcq_flt.fits
2015-01-06 18:10:23,jca540kdq/jca540kdq_flc.fits,jca540kdq/jca540kdq_flt.fits
2015-04-26 04:16:26,jcdu93h2q/jcdu93h2q_flc.fits,jcdu93h2q/jcdu93h2q_flt.fits
2015-03-15 17:44:38,jclt2aq6q/jclt2aq6q_flc.fits,jclt2aq6q/jclt2aq6q_flt.fits
2015-02-18 13:56:33,jcnw11o9q/jcnw11o9q_flc.fits,jcnw11o9q/jcnw11o9q_flt.fits
2015-05-10 17:44:21,jcnl04a8q/jcnl04a8q_flc.fits,jcnl04a8q/jcnl04a8q_flt.fits
2015-10-19 08:04:43,jcnl13d2q/jcnl13d2q_flc.fits,jcnl13d2q/jcnl13d2q_flt.fits
2015-06-13 12:06:54,jcnw24goq/jcnw24goq_flc.fits,jcnw24goq/jcnw24goq_flt.fits
2015-01-07 13:50:54,jcdu30ohq/jcdu30ohq_flc.fits,jcdu30ohq/jcdu30ohq_flt.fits
2015-02-22 07:47:31,jclt77htq/jclt77htq_flc.fits,jclt77htq/jclt77htq_flt.fits
2015-02-18 11:08:24,jcnw11nlq/jcnw11nlq_flc.fits,jcnw11nlq/jcnw11nlq_flt.fits
2015-11-03 05:40:45,jd0q13l5q/jd0q13l5q_flc.fits,jd0q13l5q/jd0q13l5q_flt.fits
2015-11-24 10:29:16,jcxv06k3q/jcxv06k3q_flc.fits,jcxv06k3q/jcxv06k3q_flt.fits
2015-06-21 12:47:13,jclt86wgq/jclt86wgq_flc.fits,jclt86wgq/jclt86wgq_flt.fits
2015-05-18 12:25:56,jcnw25cxq/jcnw25cxq_flc.fits,jcnw25cxq/jcnw25cxq_flt.fits
2015-08-07 14:21:47,jclt0nq7q/jclt0nq7q_flc.fits,jclt0nq7q/jclt0nq7q_flt.fits
2015-12-13 06:39:59,jcw808rfq/jcw808rfq_flc.fits,jcw808rfq/jcw808rfq_flt.fits
2015-09-03 20:42:43,jcnb06whq/jcnb06whq_flc.fits,jcnb06whq/jcnb06whq_flt.fits
2015-05-07 03:03:19,jcow07zyq/jcow07zyq_flc.fits,jcow07zyq/jcow07zyq_flt.fits
2015-04-26 01:05:31,jcdu93gcq/jcdu93gcq_flc.fits,jcdu93gcq/jcdu93gcq_flt.fits
2015-05-20 04:04:25,jcow08kcq/jcow08kcq_flc.fits,jcow08kcq/jcow08kcq_flt.fits
2015-02-18 10:34:37,jcnw11n9q/jcnw11n9q_flc.fits,jcnw11n9q/jcnw11n9q_flt.fits
2015-09-30 20:48:51,jcnl08urq/jcnl08urq_flc.fits,jcnl08urq/jcnl08urq_flt.fits
2015-09-24 01:43:06,jck808qiq/jck808qiq_flc.fits,jck808qiq/jck808qiq_flt.fits
2015-09-28 18:23:36,jcuh01f5q/jcuh01f5q_flc.fits,jcuh01f5q/jcuh01f5q_flt.fits
2015-05-09 08:55:54,jcdu83l3q/jcdu83l3q_flc.fits,jcdu83l3q/jcdu83l3q_flt.fits
2015-09-26 04:34:52,jck809e2q/jck809e2q_flc.fits,jck809e2q/jck809e2q_flt.fits
2015-04-01 12:45:07,jcnl03pgq/jcnl03pgq_flc.fits,jcnl03pgq/jcnl03pgq_flt.fits
2015-05-07 13:54:40,jcdu81bmq/jcdu81bmq_flc.fits,jcdu81bmq/jcdu81bmq_flt.fits
2015-07-09 04:51:47,jcnw32r2q/jcnw32r2q_flc.fits,jcnw32r2q/jcnw32r2q_flt.fits
2015-05-07 03:14:36,jcow07a2q/jcow07a2q_flc.fits,jcow07a2q/jcow07a2q_flt.fits
2015-04-12 01:09:03,jcnw27fiq/jcnw27fiq_flc.fits,jcnw27fiq/jcnw27fiq_flt.fits
2015-01-27 23:39:24,jclt19kxq/jclt19kxq_flc.fits,jclt19kxq/jclt19kxq_flt.fits
2015-12-25 03:59:16,jcwr01x5q/jcwr01x5q_flc.fits,jcwr01x5q/jcwr01x5q_flt.fits
2015-04-22 15:57:47,jcdu55poq/jcdu55poq_flc.fits,jcdu55poq/jcdu55poq_flt.fits
2015-09-18 06:05:42,jclt10d5q/jclt10d5q_flc.fits,jclt10d5q/jclt10d5q_flt.fits
2015-04-25 14:01:58,jcdu40f6q/jcdu40f6q_flc.fits,jcdu40f6q/jcdu40f6q_flt.fits
2015-03-04 16:12:00,jc8m50qaq/jc8m50qaq_flc.fits,jc8m50qaq/jc8m50qaq_flt.fits
2015-03-22 07:02:34,jc8m98f5q/jc8m98f5q_flc.fits,jc8m98f5q/jc8m98f5q_flt.fits
2015-11-29 16:56:53,jcnw22qdq/jcnw22qdq_flc.fits,jcnw22qdq/jcnw22qdq_flt.fits
2015-04-09 00:40:26,jcnl16pvq/jcnl16pvq_flc.fits,jcnl16pvq/jcnl16pvq_flt.fits
2015-12-13 02:54:32,jcw808q8q/jcw808q8q_flc.fits,jcw808q8q/jcw808q8q_flt.fits
2015-05-01 06:51:58,jcdu98x8q/jcdu98x8q_flc.fits,jcdu98x8q/jcdu98x8q_flt.fits
2015-06-21 09:17:07,jclt0iv1q/jclt0iv1q_flc.fits,jclt0iv1q/jclt0iv1q_flt.fits
2015-04-12 04:04:19,jcnw27gfq/jcnw27gfq_flc.fits,jcnw27gfq/jcnw27gfq_flt.fits
2015-01-22 09:13:43,jcnb34vvq/jcnb34vvq_flc.fits,jcnb34vvq/jcnb34vvq_flt.fits
2015-06-16 23:31:12,jcnw13psq/jcnw13psq_flc.fits,jcnw13psq/jcnw13psq_flt.fits
2015-01-13 17:12:32,jca513kdq/jca513kdq_flc.fits,jca513kdq/jca513kdq_flt.fits
2015-03-29 04:49:40,jclt38i6q/jclt38i6q_flc.fits,jclt38i6q/jclt38i6q_flt.fits
2015-06-17 05:52:46,jclt70soq/jclt70soq_flc.fits,jclt70soq/jclt70soq_flt.fits
2015-12-15 00:20:50,jcnw23ebq/jcnw23ebq_flc.fits,jcnw23ebq/jcnw23ebq_flt.fits
2016-02-07 11:12:21,jcw817tnq/jcw817tnq_flc.fits,jcw817tnq/jcw817tnq_flt.fits
2016-05-31 10:20:01,jcwr19irq/jcwr19irq_flc.fits,jcwr19irq/jcwr19irq_flt.fits
2016-08-09 05:19:17,jcxv17hcq/jcxv17hcq_flc.fits,jcxv17hcq/jcxv17hcq_flt.fits
2016-06-13 23:31:28,jcxv13fgq/jcxv13fgq_flc.fits,jcxv13fgq/jcxv13fgq_flt.fits
2016-09-27 01:40:27,jczj03fxq/jczj03fxq_flc.fits,jczj03fxq/jczj03fxq_flt.fits
2016-02-06 23:30:36,jcw802pdq/jcw802pdq_flc.fits,jcw802pdq/jcw802pdq_flt.fits
2016-08-10 16:43:25,jcxv14qqq/jcxv14qqq_flc.fits,jcxv14qqq/jcxv14qqq_flt.fits
2016-02-19 14:58:50,jczj01x3q/jczj01x3q_flc.fits,jczj01x3q/jczj01x3q_flt.fits
2016-01-01 08:35:23,jcz802byq/jcz802byq_flc.fits,jcz802byq/jcz802byq_flt.fits
2016-05-31 10:57:06,jcwr19izq/jcwr19izq_flc.fits,jcwr19izq/jcwr19izq_flt.fits
2016-05-08 23:00:49,jcxv22nhq/jcxv22nhq_flc.fits,jcxv22nhq/jcxv22nhq_flt.fits
2016-02-07 11:21:43,jcw817tpq/jcw817tpq_flc.fits,jcw817tpq/jcw817tpq_flt.fits
2016-11-15 16:34:00,jcw811rmq/jcw811rmq_flc.fits,jcw811rmq/jcw811rmq_flt.fits
2016-11-15 19:53:01,jcw811snq/jcw811snq_flc.fits,jcw811snq/jcw811snq_flt.fits
2016-01-10 06:46:51,jcwr08frq/jcwr08frq_flc.fits,jcwr08frq/jcwr08frq_flt.fits
2016-11-11 21:53:22,jcwr02k9q/jcwr02k9q_flc.fits,jcwr02k9q/jcwr02k9q_flt.fits
2016-02-07 00:09:22,jcw802prq/jcw802prq_flc.fits,jcw802prq/jcw802prq_flt.fits
2016-05-25 14:35:39,jcwr17p1q/jcwr17p1q_flc.fits,jcwr17p1q/jcwr17p1q_flt.fits
2016-11-15 18:00:42,jcw811s3q/jcw811s3q_flc.fits,jcw811s3q/jcw811s3q_flt.fits
2016-06-20 21:20:26,jcxv01jzq/jcxv01jzq_flc.fits,jcxv01jzq/jcxv01jzq_flt.fits
2016-08-13 19:18:25,jcxv23eyq/jcxv23eyq_flc.fits,jcxv23eyq/jcxv23eyq_flt.fits
2016-07-26 20:36:02,jcw805lmq/jcw805lmq_flc.fits,jcw805lmq/jcw805lmq_flt.fits
2016-08-09 21:09:03,jcxv08kwq/jcxv08kwq_flc.fits,jcxv08kwq/jcxv08kwq_flt.fits
2016-05-27 13:10:17,jcwr20x4q/jcwr20x4q_flc.fits,jcwr20x4q/jcwr20x4q_flt.fits
2016-03-03 17:50:58,jcwr04z1q/jcwr04z1q_flc.fits,jcwr04z1q/jcwr04z1q_flt.fits
2016-01-02 02:54:04,jcwr07g3q/jcwr07g3q_flc.fits,jcwr07g3q/jcwr07g3q_flt.fits
2016-01-05 00:56:24,jcwr05h5q/jcwr05h5q_flc.fits,jcwr05h5q/jcwr05h5q_flt.fits
2016-11-15 19:15:53,jcw811seq/jcw811seq_flc.fits,jcw811seq/jcw811seq_flt.fits
2016-07-21 13:29:49,jcw814syq/jcw814syq_flc.fits,jcw814syq/jcw814syq_flt.fits
2016-02-07 01:24:36,jcw802q6q/jcw802q6q_flc.fits,jcw802q6q/jcw802q6q_flt.fits
2016-11-16 07:16:34,jcwr14w7q/jcwr14w7q_flc.fits,jcwr14w7q/jcwr14w7q_flt.fits
2016-09-27 01:16:31,jczj03faq/jczj03faq_flc.fits,jczj03faq/jczj03faq_flt.fits
2016-07-21 12:43:00,jcw814slq/jcw814slq_flc.fits,jcw814slq/jcw814slq_flt.fits
2016-02-07 01:52:54,jcw802qdq/jcw802qdq_flc.fits,jcw802qdq/jcw802qdq_flt.fits
2016-02-20 12:42:09,jcxv11d5q/jcxv11d5q_flc.fits,jcxv11d5q/jcxv11d5q_flt.fits
2016-03-03 17:26:16,jcwr04yvq/jcwr04yvq_flc.fits,jcwr04yvq/jcwr04yvq_flt.fits
2016-07-27 01:05:35,jcw805mgq/jcw805mgq_flc.fits,jcw805mgq/jcw805mgq_flt.fits
2016-11-11 22:22:13,jcwr02kfq/jcwr02kfq_flc.fits,jcwr02kfq/jcwr02kfq_flt.fits
2016-01-05 00:31:42,jcwr05gyq/jcwr05gyq_flc.fits,jcwr05gyq/jcwr05gyq_flt.fits
2016-02-07 09:55:34,jcw817tdq/jcw817tdq_flc.fits,jcw817tdq/jcw817tdq_flt.fits
2016-06-20 20:46:36,jcxv01jnq/jcxv01jnq_flc.fits,jcxv01jnq/jcxv01jnq_flt.fits
2016-08-09 07:17:22,jcxv17hrq/jcxv17hrq_flc.fits,jcxv17hrq/jcxv17hrq_flt.fits
2016-05-25 14:52:07,jcwr17p5q/jcwr17p5q_flc.fits,jcwr17p5q/jcwr17p5q_flt.fits
2016-03-03 18:03:21,jcwr04z3q/jcwr04z3q_flc.fits,jcwr04z3q/jcwr04z3q_flt.fits
2016-02-02 08:46:22,jcxv20niq/jcxv20niq_flc.fits,jcxv20niq/jcxv20niq_flt.fits
2016-08-13 20:37:18,jcxv23faq/jcxv23faq_flc.fits,jcxv23faq/jcxv23faq_flt.fits
2016-07-21 11:15:58,jcw814s8q/jcw814s8q_flc.fits,jcw814s8q/jcw814s8q_flt.fits
2016-05-23 16:58:40,jcwr15ffq/jcwr15ffq_flc.fits,jcwr15ffq/jcwr15ffq_flt.fits
2016-02-06 21:58:31,jcw802owq/jcw802owq_flc.fits,jcw802owq/jcw802owq_flt.fits
2016-02-07 09:38:28,jcw817t8q/jcw817t8q_flc.fits,jcw817t8q/jcw817t8q_flt.fits
2020-09-16 02:55:49,je5618m0q/je5618m0q_flc.fits,je5618m0q/je5618m0q_flt.fits
2020-03-29 11:11:34,jdxr25ixq/jdxr25ixq_flc.fits,jdxr25ixq/jdxr25ixq_flt.fits
2020-06-22 02:51:08,je5601alq/je5601alq_flc.fits,je5601alq/je5601alq_flt.fits
2020-12-24 12:31:02,je4n12b4q/je4n12b4q_flc.fits,je4n12b4q/je4n12b4q_flt.fits
2020-09-15 01:26:14,je5616ghq/je5616ghq_flc.fits,je5616ghq/je5616ghq_flt.fits
2020-02-14 10:19:55,jdxr01z0q/jdxr01z0q_flc.fits,jdxr01z0q/jdxr01z0q_flt.fits
2020-05-25 09:46:37,jdm94neyq/jdm94neyq_flc.fits,jdm94neyq/jdm94neyq_flt.fits
2020-09-17 15:00:18,je4n0vruq/je4n0vruq_flc.fits,je4n0vruq/je4n0vruq_flt.fits
2020-09-14 23:57:07,je5616g3q/je5616g3q_flc.fits,je5616g3q/je5616g3q_flt.fits
2020-07-22 21:49:29,jdxr57pwq/jdxr57pwq_flc.fits,jdxr57pwq/jdxr57pwq_flt.fits
2020-09-15 03:06:46,je5616hdq/je5616hdq_flc.fits,je5616hdq/je5616hdq_flt.fits
2020-07-19 21:47:18,jdrwdydcq/jdrwdydcq_flc.fits,jdrwdydcq/jdrwdydcq_flt.fits
2020-07-05 16:11:19,je0o24kjq/je0o24kjq_flc.fits,je0o24kjq/je0o24kjq_flt.fits
2020-03-03 13:20:16,jds47tjoq/jds47tjoq_flc.fits,jds47tjoq/jds47tjoq_flt.fits
2020-04-11 04:28:18,jdrw9bj0q/jdrw9bj0q_flc.fits,jdrw9bj0q/jdrw9bj0q_flt.fits
2020-08-05 23:55:16,je5612otq/je5612otq_flc.fits,je5612otq/je5612otq_flt.fits
2020-01-30 21:03:36,jdxr37tbq/jdxr37tbq_flc.fits,jdxr37tbq/jdxr37tbq_flt.fits
2020-06-19 10:57:13,je2862axq/je2862axq_flc.fits,je2862axq/je2862axq_flt.fits
2020-08-01 11:27:28,jdrwc3feq/jdrwc3feq_flc.fits,jdrwc3feq/jdrwc3feq_flt.fits
2020-12-22 06:49:28,je4n06ppq/je4n06ppq_flc.fits,je4n06ppq/je4n06ppq_flt.fits
2020-04-20 03:59:12,je3905b7q/je3905b7q_flc.fits,je3905b7q/je3905b7q_flt.fits
2020-02-15 00:42:06,jdxr05cxq/jdxr05cxq_flc.fits,jdxr05cxq/jdxr05cxq_flt.fits
2020-05-25 09:58:21,jdm94nf3q/jdm94nf3q_flc.fits,jdm94nf3q/jdm94nf3q_flt.fits
2020-06-28 11:14:50,je3907lrq/je3907lrq_flc.fits,je3907lrq/je3907lrq_flt.fits
2020-09-15 20:21:09,je5617kaq/je5617kaq_flc.fits,je5617kaq/je5617kaq_flt.fits
2020-12-22 08:02:58,je4n06psq/je4n06psq_flc.fits,je4n06psq/je4n06psq_flt.fits
2020-08-31 07:35:51,je3906coq/je3906coq_flc.fits,je3906coq/je3906coq_flt.fits
2020-12-04 00:09:41,je4n0aagq/je4n0aagq_flc.fits,je4n0aagq/je4n0aagq_flt.fits
2020-12-15 07:46:00,je4nzhiaq/je4nzhiaq_flc.fits,je4nzhiaq/je4nzhiaq_flt.fits
2020-02-18 19:30:40,je282fn3q/je282fn3q_flc.fits,je282fn3q/je282fn3q_flt.fits
2020-08-30 16:46:05,jdxr53ojq/jdxr53ojq_flc.fits,jdxr53ojq/jdxr53ojq_flt.fits
2020-03-15 06:17:16,je2856fkq/je2856fkq_flc.fits,je2856fkq/je2856fkq_flt.fits
2020-06-23 02:52:49,je5604fyq/je5604fyq_flc.fits,je5604fyq/je5604fyq_flt.fits
2020-05-27 14:49:23,je4q05qqq/je4q05qqq_flc.fits,je4q05qqq/je4q05qqq_flt.fits
2020-05-03 14:40:58,jdrw63dkq/jdrw63dkq_flc.fits,jdrw63dkq/jdrw63dkq_flt.fits
2020-04-06 20:47:18,je280fecq/je280fecq_flc.fits,je280fecq/je280fecq_flt.fits
2020-07-03 13:24:40,je0o26a1q/je0o26a1q_flc.fits,je0o26a1q/je0o26a1q_flt.fits
2020-09-02 04:03:27,je3908pjq/je3908pjq_flc.fits,je3908pjq/je3908pjq_flt.fits
2020-05-27 14:25:50,je4q05qmq/je4q05qmq_flc.fits,je4q05qmq/je4q05qmq_flt.fits
2020-08-25 23:12:58,je3909lfq/je3909lfq_flc.fits,je3909lfq/je3909lfq_flt.fits
2020-07-05 16:43:54,je0o24kpq/je0o24kpq_flc.fits,je0o24kpq/je0o24kpq_flt.fits
2020-07-15 14:01:54,jdrw9il5q/jdrw9il5q_flc.fits,jdrw9il5q/jdrw9il5q_flt.fits
2020-06-22 05:50:33,je5602bxq/je5602bxq_flc.fits,je5602bxq/je5602bxq_flt.fits
2020-02-21 23:21:33,je4l05y6q/je4l05y6q_flc.fits,je4l05y6q/je4l05y6q_flt.fits
2020-09-18 13:35:37,je4n0xwoq/je4n0xwoq_flc.fits,je4n0xwoq/je4n0xwoq_flt.fits
2020-03-05 15:38:02,jdy013c0q/jdy013c0q_flc.fits,jdy013c0q/jdy013c0q_flt.fits
2020-09-05 02:21:23,je3902dqq/je3902dqq_flc.fits,je3902dqq/je3902dqq_flt.fits
2020-08-06 18:54:04,je5613wpq/je5613wpq_flc.fits,je5613wpq/je5613wpq_flt.fits
2020-02-18 19:40:02,je282fn5q/je282fn5q_flc.fits,je282fn5q/je282fn5q_flt.fits
2020-07-23 02:25:44,jdxr57req/jdxr57req_flc.fits,jdxr57req/jdxr57req_flt.fits
2023-09-11 01:05:42,jey353a4q/jey353a4q_flc.fits,jey353a4q/jey353a4q_flt.fits
2023-10-19 19:51:11,jf560ms2q/jf560ms2q_flc.fits,jf560ms2q/jf560ms2q_flt.fits
2023-05-21 19:30:47,jez2xairq/jez2xairq_flc.fits,jez2xairq/jez2xairq_flt.fits
2023-12-24 03:21:05,jf5602b1q/jf5602b1q_flc.fits,jf5602b1q/jf5602b1q_flt.fits
2023-05-25 03:33:14,jey374qeq/jey374qeq_flc.fits,jey374qeq/jey374qeq_flt.fits
2023-02-12 07:23:53,jdrw5akdq/jdrw5akdq_flc.fits,jdrw5akdq/jdrw5akdq_flt.fits
2023-05-21 16:24:05,jez2jphxq/jez2jphxq_flc.fits,jez2jphxq/jez2jphxq_flt.fits
2023-05-15 12:56:58,jez2xfe7q/jez2xfe7q_flc.fits,jez2xfe7q/jez2xfe7q_flt.fits
2023-02-09 20:27:23,jdrw5ly4q/jdrw5ly4q_flc.fits,jdrw5ly4q/jdrw5ly4q_flt.fits
2023-07-17 14:12:24,jdrw8octq/jdrw8octq_flc.fits,jdrw8octq/jdrw8octq_flt.fits
2023-12-19 07:41:00,jf560uf6q/jf560uf6q_flc.fits,jf560uf6q/jf560uf6q_flt.fits
2023-06-05 18:25:52,jey375fcq/jey375fcq_flc.fits,jey375fcq/jey375fcq_flt.fits
2023-10-30 00:39:52,jf569ya1q/jf569ya1q_flc.fits,jf569ya1q/jf569ya1q_flt.fits
2023-06-09 19:19:56,jdrw82ydq/jdrw82ydq_flc.fits,jdrw82ydq/jdrw82ydq_flt.fits
2023-03-18 17:56:54,jey371dnq/jey371dnq_flc.fits,jey371dnq/jey371dnq_flt.fits
2023-10-15 12:09:50,jf568xn8q/jf568xn8q_flc.fits,jf568xn8q/jf568xn8q_flt.fits
2023-09-04 05:53:27,jdrw4lbdq/jdrw4lbdq_flc.fits,jdrw4lbdq/jdrw4lbdq_flt.fits
2023-10-03 04:30:23,jeyr09l7q/jeyr09l7q_flc.fits,jeyr09l7q/jeyr09l7q_flt.fits
2023-10-12 07:10:25,jf5624qxq/jf5624qxq_flc.fits,jf5624qxq/jf5624qxq_flt.fits
2023-12-10 13:21:07,jf0q08luq/jf0q08luq_flc.fits,jf0q08luq/jf0q08luq_flt.fits
2023-08-17 04:38:44,jdrwe1ruq/jdrwe1ruq_flc.fits,jdrwe1ruq/jdrwe1ruq_flt.fits
2023-10-03 06:36:38,jeyr09llq/jeyr09llq_flc.fits,jeyr09llq/jeyr09llq_flt.fits
2023-07-25 21:15:25,jepu35j7q/jepu35j7q_flc.fits,jepu35j7q/jepu35j7q_flt.fits
2023-07-10 09:32:05,jeyr21c1q/jeyr21c1q_flc.fits,jeyr21c1q/jeyr21c1q_flt.fits
2023-10-27 09:39:55,jeyr26wpq/jeyr26wpq_flc.fits,jeyr26wpq/jeyr26wpq_flt.fits
2023-10-17 12:13:45,jeyr23hjq/jeyr23hjq_flc.fits,jeyr23hjq/jeyr23hjq_flt.fits
2023-12-28 07:00:59,jf560xaqq/jf560xaqq_flc.fits,jf560xaqq/jf560xaqq_flt.fits
2023-06-25 03:33:03,jeyr19hvq/jeyr19hvq_flc.fits,jeyr19hvq/jeyr19hvq_flt.fits
2023-10-10 10:12:48,jf566lgqq/jf566lgqq_flc.fits,jf566lgqq/jf566lgqq_flt.fits
2023-12-09 17:26:36,jf56a2gfq/jf56a2gfq_flc.fits,jf56a2gfq/jf56a2gfq_flt.fits
2023-01-15 10:43:45,jey357j6q/jey357j6q_flc.fits,jey357j6q/jey357j6q_flt.fits
2023-10-03 01:20:20,jeyr08kmq/jeyr08kmq_flc.fits,jeyr08kmq/jeyr08kmq_flt.fits
2023-01-14 16:11:39,jdrw54fgq/jdrw54fgq_flc.fits,jdrw54fgq/jdrw54fgq_flt.fits
2023-12-28 09:59:15,jeyr01c3q/jeyr01c3q_flc.fits,jeyr01c3q/jeyr01c3q_flt.fits
2023-10-12 07:02:10,jf5624qwq/jf5624qwq_flc.fits,jf5624qwq/jf5624qwq_flt.fits
2023-05-17 12:28:05,jez2xdpsq/jez2xdpsq_flc.fits,jez2xdpsq/jez2xdpsq_flt.fits
2023-06-09 19:28:11,jdrw82yeq/jdrw82yeq_flc.fits,jdrw82yeq/jdrw82yeq_flt.fits
2023-05-18 10:43:51,jez2xhulq/jez2xhulq_flc.fits,jez2xhulq/jez2xhulq_flt.fits
2023-06-10 09:47:24,jey311bwq/jey311bwq_flc.fits,jey311bwq/jey311bwq_flt.fits
2023-08-22 22:26:46,jdrwelmuq/jdrwelmuq_flc.fits,jdrwelmuq/jdrwelmuq_flt.fits
2023-06-24 11:41:03,jeyr18e4q/jeyr18e4q_flc.fits,jeyr18e4q/jeyr18e4q_flt.fits
2023-01-13 18:11:10,jdrw5xzqq/jdrw5xzqq_flc.fits,jdrw5xzqq/jdrw5xzqq_flt.fits
2023-10-01 14:30:33,jdrwf2i1q/jdrwf2i1q_flc.fits,jdrwf2i1q/jdrwf2i1q_flt.fits
2023-10-25 01:12:22,jey312k0q/jey312k0q_flc.fits,jey312k0q/jey312k0q_flt.fits
2023-11-15 05:01:31,jf4w01t0q/jf4w01t0q_flc.fits,jf4w01t0q/jf4w01t0q_flt.fits
2023-10-31 01:17:50,jf56e7ejq/jf56e7ejq_flc.fits,jf56e7ejq/jf56e7ejq_flt.fits
2023-02-06 00:40:00,jdrw8za4q/jdrw8za4q_flc.fits,jdrw8za4q/jdrw8za4q_flt.fits
2023-05-17 06:39:40,jdrwbqoyq/jdrwbqoyq_flc.fits,jdrwbqoyq/jdrwbqoyq_flt.fits
2023-07-10 07:58:13,jeyr21bwq/jeyr21bwq_flc.fits,jeyr21bwq/jeyr21bwq_flt.fits
2023-09-07 09:08:42,jdrw1bw3q/jdrw1bw3q_flc.fits,jdrw1bw3q/jdrw1bw3q_flt.fits
2024-01-25 12:53:42,jeyr06tmq/jeyr06tmq_flc.fits,jeyr06tmq/jeyr06tmq_flt.fits
2024-03-31 13:33:20,jfab10l5q/jfab10l5q_flc.fits,jfab10l5q/jfab10l5q_flt.fits
2024-12-03 05:05:44,jf561gfeq/jf561gfeq_flc.fits,jf561gfeq/jf561gfeq_flt.fits
2024-07-17 01:45:32,jfab39jkq/jfab39jkq_flc.fits,jfab39jkq/jfab39jkq_flt.fits
2024-12-15 08:33:17,jf5670crq/jf5670crq_flc.fits,jf5670crq/jf5670crq_flt.fits
2024-06-19 11:44:25,jf9s26icq/jf9s26icq_flc.fits,jf9s26icq/jf9s26icq_flt.fits
2024-04-19 23:47:40,jeyr12gkq/jeyr12gkq_flc.fits,jeyr12gkq/jeyr12gkq_flt.fits
2024-06-23 23:02:58,jf569vjsq/jf569vjsq_flc.fits,jf569vjsq/jf569vjsq_flt.fits
2024-03-02 01:11:57,jeyr15s2q/jeyr15s2q_flc.fits,jeyr15s2q/jeyr15s2q_flt.fits
2024-06-24 19:32:24,jfabg3nwq/jfabg3nwq_flc.fits,jfabg3nwq/jfabg3nwq_flt.fits
2024-04-19 21:00:42,jeyr12gaq/jeyr12gaq_flc.fits,jeyr12gaq/jeyr12gaq_flt.fits
2024-10-07 10:30:38,jf5685ctq/jf5685ctq_flc.fits,jf5685ctq/jf5685ctq_flt.fits
2024-07-26 06:35:41,jf56a0vqq/jf56a0vqq_flc.fits,jf56a0vqq/jf56a0vqq_flt.fits
2024-02-03 10:03:46,jf561zdxq/jf561zdxq_flc.fits,jf561zdxq/jf561zdxq_flt.fits
2024-06-16 21:49:07,jfab40nmq/jfab40nmq_flc.fits,jfab40nmq/jfab40nmq_flt.fits
2024-07-26 08:02:38,jf569xvtq/jf569xvtq_flc.fits,jf569xvtq/jf569xvtq_flt.fits
2024-07-13 12:04:47,jf569ngoq/jf569ngoq_flc.fits,jf569ngoq/jf569ngoq_flt.fits
2024-04-05 20:08:41,jfab60cnq/jfab60cnq_flc.fits,jfab60cnq/jfab60cnq_flt.fits
2024-02-29 04:22:55,jf561objq/jf561objq_flc.fits,jf561objq/jf561objq_flt.fits
2024-12-03 14:48:03,jffv61h1q/jffv61h1q_flc.fits,jffv61h1q/jffv61h1q_flt.fits
2024-02-20 03:55:02,jfab12egq/jfab12egq_flc.fits,jfab12egq/jfab12egq_flt.fits
2024-06-19 22:43:33,jf7902liq/jf7902liq_flc.fits,jf7902liq/jf7902liq_flt.fits
2024-10-20 09:00:37,jf5620dcq/jf5620dcq_flc.fits,jf5620dcq/jf5620dcq_flt.fits
2024-01-11 16:11:08,jf0q05deq/jf0q05deq_flc.fits,jf0q05deq/jf0q05deq_flt.fits
2024-07-27 06:17:04,jf569zzaq/jf569zzaq_flc.fits,jf569zzaq/jf569zzaq_flt.fits
2024-07-18 07:31:48,jf56b7phq/jf56b7phq_flc.fits,jf56b7phq/jf56b7phq_flt.fits
2024-07-04 10:19:51,jf56d0qsq/jf56d0qsq_flc.fits,jf56d0qsq/jf56d0qsq_flt.fits
2024-02-29 04:31:10,jf561oblq/jf561oblq_flc.fits,jf561oblq/jf561oblq_flt.fits
2024-12-11 06:40:45,jf5656keq/jf5656keq_flc.fits,jf5656keq/jf5656keq_flt.fits
2024-04-19 11:04:38,jf981af3q/jf981af3q_flc.fits,jf981af3q/jf981af3q_flt.fits
2024-03-21 21:29:02,jf7938wlq/jf7938wlq_flc.fits,jf7938wlq/jf7938wlq_flt.fits
2024-03-12 00:26:38,jf7920fvq/jf7920fvq_flc.fits,jf7920fvq/jf7920fvq_flt.fits
2024-10-19 04:48:20,jf564oy6q/jf564oy6q_flc.fits,jf564oy6q/jf564oy6q_flt.fits
2024-12-03 05:13:59,jf561gffq/jf561gffq_flc.fits,jf561gffq/jf561gffq_flt.fits
2024-09-29 19:38:31,jfab46inq/jfab46inq_flc.fits,jfab46inq/jfab46inq_flt.fits
2024-04-20 00:09:47,jeyr12goq/jeyr12goq_flc.fits,jeyr12goq/jeyr12goq_flt.fits
2024-07-18 03:19:38,jf9s18ooq/jf9s18ooq_flc.fits,jf9s18ooq/jf9s18ooq_flt.fits
2024-02-20 05:20:09,jfab12f5q/jfab12f5q_flc.fits,jfab12f5q/jfab12f5q_flt.fits
2024-05-12 15:58:05,jfab62ooq/jfab62ooq_flc.fits,jfab62ooq/jfab62ooq_flt.fits
2024-01-28 12:07:50,jeyr05biq/jeyr05biq_flc.fits,jeyr05biq/jeyr05biq_flt.fits
2024-12-15 08:25:02,jf5670cpq/jf5670cpq_flc.fits,jf5670cpq/jf5670cpq_flt.fits
2024-12-30 03:32:30,jfab66aeq/jfab66aeq_flc.fits,jfab66aeq/jfab66aeq_flt.fits
2024-07-26 06:27:26,jf56a0vpq/jf56a0vpq_flc.fits,jf56a0vpq/jf56a0vpq_flt.fits
2024-06-18 22:53:40,jf7a02fxq/jf7a02fxq_flc.fits,jf7a02fxq/jf7a02fxq_flt.fits
2024-11-17 04:36:33,jfab13s0q/jfab13s0q_flc.fits,jfab13s0q/jfab13s0q_flt.fits
2024-01-25 10:54:44,jeyr06tdq/jeyr06tdq_flc.fits,jeyr06tdq/jeyr06tdq_flt.fits
2024-05-16 13:19:48,jfab28v2q/jfab28v2q_flc.fits,jfab28v2q/jfab28v2q_flt.fits
2024-08-23 02:32:35,jf56b4vgq/jf56b4vgq_flc.fits,jf56b4vgq/jf56b4vgq_flt.fits
2024-03-04 22:27:43,jf563kjeq/jf563kjeq_flc.fits,jf563kjeq/jf563kjeq_flt.fits
2024-07-12 20:16:36,jfab35daq/jfab35daq_flc.fits,jfab35daq/jfab35daq_flt.fits
2025-01-28 04:23:21,jf568tgsq/jf568tgsq_flc.fits,jf568tgsq/jf568tgsq_flt.fits
2025-05-13 21:07:49,jfcpbvi8q/jfcpbvi8q_flc.fits,jfcpbvi8q/jfcpbvi8q_flt.fits
2025-05-16 10:20:39,jfcp50unq/jfcp50unq_flc.fits,jfcp50unq/jfcp50unq_flt.fits
2025-08-19 01:17:07,jfcpbfdsq/jfcpbfdsq_flc.fits,jfcpbfdsq/jfcpbfdsq_flt.fits
2025-05-11 20:16:59,jfcp49hqq/jfcp49hqq_flc.fits,jfcp49hqq/jfcp49hqq_flt.fits
2025-08-19 01:12:52,jfcpbfdqq/jfcpbfdqq_flc.fits,jfcpbfdqq/jfcpbfdqq_flt.fits
2025-07-02 22:39:33,jfcpazseq/jfcpazseq_flc.fits,jfcpazseq/jfcpazseq_flt.fits
2025-09-15 09:48:32,jf56e2chq/jf56e2chq_flc.fits,jf56e2chq/jf56e2chq_flt.fits
2025-08-25 18:57:27,jfcpblgdq/jfcpblgdq_flc.fits,jfcpblgdq/jfcpblgdq_flt.fits
2025-03-24 14:28:29,jfcp36d0q/jfcp36d0q_flc.fits,jfcp36d0q/jfcp36d0q_flt.fits
2025-07-04 16:49:03,jfcp95ctq/jfcp95ctq_flc.fits,jfcp95ctq/jfcp95ctq_flt.fits
2025-07-04 23:23:50,jfcp18eaq/jfcp18eaq_flc.fits,jfcp18eaq/jfcp18eaq_flt.fits
2025-09-15 09:56:47,jf56e2ciq/jf56e2ciq_flc.fits,jf56e2ciq/jf56e2ciq_flt.fits
2025-07-12 21:53:52,jfg708atq/jfg708atq_flc.fits,jfg708atq/jfg708atq_flt.fits
2025-08-19 18:10:28,jfcpbdgnq/jfcpbdgnq_flc.fits,jfcpbdgnq/jfcpbdgnq_flt.fits
2025-09-05 07:50:47,jfcpaqabq/jfcpaqabq_flc.fits,jfcpaqabq/jfcpaqabq_flt.fits
2025-07-23 23:38:42,jf563gqgq/jf563gqgq_flc.fits,jf563gqgq/jf563gqgq_flt.fits
2025-07-23 08:59:10,jf56b3ovq/jf56b3ovq_flc.fits,jf56b3ovq/jf56b3ovq_flt.fits
2025-07-01 18:02:09,jfcpc0l5q/jfcpc0l5q_flc.fits,jfcpc0l5q/jfcpc0l5q_flt.fits
2025-08-26 19:54:22,jfcpbhlqq/jfcpbhlqq_flc.fits,jfcpbhlqq/jfcpbhlqq_flt.fits
2025-05-07 06:44:44,jf56c4ktq/jf56c4ktq_flc.fits,jf56c4ktq/jf56c4ktq_flt.fits
2025-09-05 07:55:02,jfcpaqadq/jfcpaqadq_flc.fits,jfcpaqadq/jfcpaqadq_flt.fits
2025-08-25 21:50:45,jfcpbmgqq/jfcpbmgqq_flc.fits,jfcpbmgqq/jfcpbmgqq_flt.fits
2025-07-04 23:19:35,jfcp18e8q/jfcp18e8q_flc.fits,jfcp18e8q/jfcp18e8q_flt.fits
2025-08-22 10:32:10,jfcpbgtxq/jfcpbgtxq_flc.fits,jfcpbgtxq/jfcpbgtxq_flt.fits
2025-03-28 19:04:00,jf566xa4q/jf566xa4q_flc.fits,jf566xa4q/jf566xa4q_flt.fits
2025-08-25 13:58:22,jfcpbif2q/jfcpbif2q_flc.fits,jfcpbif2q/jfcpbif2q_flt.fits
2025-06-29 22:15:56,jfcp08gmq/jfcp08gmq_flc.fits,jfcp08gmq/jfcp08gmq_flt.fits
2025-03-25 05:02:34,jfcp43h6q/jfcp43h6q_flc.fits,jfcp43h6q/jfcp43h6q_flt.fits
2025-05-21 17:52:14,jfcp65mfq/jfcp65mfq_flc.fits,jfcp65mfq/jfcp65mfq_flt.fits
2025-03-26 04:30:51,jfcp44lhq/jfcp44lhq_flc.fits,jfcp44lhq/jfcp44lhq_flt.fits
2025-05-16 11:54:59,jfcp51v5q/jfcp51v5q_flc.fits,jfcp51v5q/jfcp51v5q_flt.fits
2025-08-17 15:53:09,jfcpc9hiq/jfcpc9hiq_flc.fits,jfcpc9hiq/jfcpc9hiq_flt.fits
2025-09-08 09:36:31,jf56e1c6q/jf56e1c6q_flc.fits,jf56e1c6q/jf56e1c6q_flt.fits
2025-06-24 10:17:32,jfcpatg1q/jfcpatg1q_flc.fits,jfcpatg1q/jfcpatg1q_flt.fits
2025-08-28 22:58:02,jfg713xeq/jfg713xeq_flc.fits,jfg713xeq/jfg713xeq_flt.fits
2025-06-21 02:23:00,jfcpb6whq/jfcpb6whq_flc.fits,jfcpb6whq/jfcpb6whq_flt.fits
2025-03-25 20:22:22,jfcp29kbq/jfcp29kbq_flc.fits,jfcp29kbq/jfcp29kbq_flt.fits
2025-06-29 20:43:41,jfcp07g9q/jfcp07g9q_flc.fits,jfcp07g9q/jfcp07g9q_flt.fits
2025-07-02 11:18:07,jfcp88pnq/jfcp88pnq_flc.fits,jfcp88pnq/jfcp88pnq_flt.fits
2025-06-28 21:04:20,jfcp11bdq/jfcp11bdq_flc.fits,jfcp11bdq/jfcp11bdq_flt.fits
2025-03-25 12:37:11,jfcp39inq/jfcp39inq_flc.fits,jfcp39inq/jfcp39inq_flt.fits
2025-01-02 02:32:37,jfab96saq/jfab96saq_flc.fits,jfab96saq/jfab96saq_flt.fits
2025-05-18 20:33:24,jfcp61g1q/jfcp61g1q_flc.fits,jfcp61g1q/jfcp61g1q_flt.fits
2025-08-25 17:14:19,jfcpbkfyq/jfcpbkfyq_flc.fits,jfcpbkfyq/jfcpbkfyq_flt.fits
2025-07-02 16:05:19,jfcp91qyq/jfcp91qyq_flc.fits,jfcp91qyq/jfcp91qyq_flt.fits
2025-08-25 15:36:53,jfcpbjfjq/jfcpbjfjq_flc.fits,jfcpbjfjq/jfcpbjfjq_flt.fits
2025-06-24 11:55:48,jfcpaugiq/jfcpaugiq_flc.fits,jfcpaugiq/jfcpaugiq_flt.fits
2025-05-13 19:27:03,jfcpbuhjq/jfcpbuhjq_flc.fits,jfcpbuhjq/jfcpbuhjq_flt.fits
2025-01-28 04:15:06,jf568tgqq/jf568tgqq_flc.fits,jf568tgqq/jf568tgqq_flt.fits